,explain_variance,mae,mape,mean_actual_val,mean_predicted_val,medae,median_actual_val,median_predicted_val,num_vals,r2,symbol
0,0.8026097181891709,5.953184723900006,92.89727742005893,-3.6267025263377235,-2.663770914077759,4.515238065356607,-6.574518291008158,-4.988372325897217,60,0.7996808400409946,1ST
0,0.5704564761733006,12.092256852016401,58.94908783678148,6.619516117643438,4.021194934844971,4.631511825489696,-2.239920358387259,-0.47257912158966064,130,0.5667934599744779,4DS
0,0.8464547641447773,4.812923420563807,42.77227110057183,-3.8732885319632016,-4.242219924926758,3.440298309377836,-8.221288515406162,-3.143052577972412,68,0.8459702804751429,9SP
0,0.9246248447172721,2.6271137817738093,39.41922773614219,3.0967597836464624,3.2605717182159424,1.7263167272081974,3.741662161478774,3.4196951389312744,532,0.9244990575563008,AAD
0,0.696726875483785,8.998025910566124,61.02449620301476,-8.567807753416995,-8.62221908569336,4.186034608737103,-11.834733893557427,-7.327268600463867,262,0.6967246290524679,AB1
0,0.929349349798758,1.9707951510207071,37.85279382220419,4.541533792467139,4.129800319671631,1.303473429649231,4.164104265031716,3.6184613704681396,482,0.9280619234690974,ABC
0,0.8484440549691079,5.985384174695291,76.05843392375556,1.0714533860491973,-0.33714574575424194,5.307836294174183,2.3255813953488387,0.520861029624939,57,0.8431363459775403,ABT
0,0.8409227802146935,6.806839915182423,54.611374494277484,-2.637366855712537,-2.0098071098327637,4.485899877431631,-7.498371008971982,-4.605056285858154,291,0.8402907137524108,ACG
0,0.959663871001499,3.2378806733334575,32.09602500837095,-0.1660172132506624,0.015834158286452293,1.92030770106048,-3.4080937840019714,-2.296508550643921,499,0.9596140228498515,ACR
0,0.7779239243893395,6.200105298200286,38.554479977772424,-15.58313438780977,-13.3871488571167,4.523479167763535,-14.444444444444445,-14.776460647583008,40,0.7614091408753132,AD1
0,0.924346422502422,6.184677273864208,52.51652231758184,-3.158689544098202,-3.5022659301757812,4.058571216390408,-9.4901721528566,-8.101844787597656,412,0.9242437434745198,ADN
0,0.8497593376347669,9.283326801197987,63.97294535184977,1.6281307763279655,1.2455778121948242,5.582626982493693,-4.761904761904753,-1.353688359260559,260,0.8496666970442942,ADV
0,0.8957486643149424,6.968803046189113,57.93255165844368,-2.7523498878515626,-3.5589370727539062,4.244637330373136,-7.446608124714102,-4.544529438018799,457,0.8952970941427031,ADY
0,0.8290009661392931,10.324710677231826,65.3081689762637,7.889620312948368,4.635997295379639,5.463653687507865,-2.6315789473684235,-0.9310575723648071,221,0.8245797955433444,AEI
0,0.863837783002068,7.253112203185318,74.38300648019126,-1.1298886025220214,-2.0199568271636963,4.292760372161865,-3.529411764705885,-2.352696180343628,191,0.8629078208942373,AEK
0,0.736054956793337,9.177274035678646,60.23917239427858,7.491143472042091,5.2119059562683105,5.126936283978544,2.3255813953488387,-0.052157074213027954,199,0.7335837628416206,AFA
0,0.9083054885942593,4.020169091081499,47.452963937857895,-0.35130132463195657,-0.5909679532051086,2.89441502187835,-2.597433316606404,-1.302754521369934,406,0.9081381179593175,AGG
0,0.9138751486207768,8.537317527686225,52.88544195621614,11.124195502495168,8.381979942321777,4.399678425512448,-4.5548654244306395,-1.7584148645401,336,0.9122965788014573,AGR
0,0.8838251394054984,8.478802586878457,56.55160226686733,0.5579178830497743,0.6545984148979187,5.881157557169601,-5.714285714285718,-4.098574161529541,143,0.8838178016677325,AGU
0,0.6334538149423972,17.915732146754753,69.45415815104764,2.435326471863135,-1.9254839420318604,7.70787060129773,-8.333333333333325,-2.5086090564727783,108,0.6304506076011116,AHK
0,0.6477066104018141,11.675001067808347,70.2477067009489,3.2785185788993516,-0.6748172044754028,5.784038543701165,-3.030303030303033,-2.6417319774627686,175,0.6364145871754158,AHN
0,0.7448125558245418,16.576591028104765,64.12740498351098,1.8535293038007759,3.0859267711639404,7.842542821710762,-11.111111111111107,-2.3107478618621826,61,0.744387004200229,AHQ
0,0.8751234358236236,3.0012497815515107,33.225532893314494,-0.2707619915712373,-0.8328582048416138,1.6889197033847925,4.224761709655974,2.5868637561798096,82,0.8736188256735239,AHX
0,0.8843448421232247,1.9693541046528846,37.324111576845404,2.4564690465978254,2.150501251220703,1.2442754531325928,2.746442642594269,1.8929599523544312,407,0.8830557953922419,AIA
0,0.822754651947492,5.605486067388718,62.604813027347284,-0.9527029171651193,-1.4504613876342773,3.8289517739580337,0.0,0.2596457898616791,192,0.8221392074043448,AIK
0,0.9546089221675627,13.39881418931471,64.00140892070446,38.87736685981833,33.3382682800293,4.601177861915287,-4.4517724649629065,-1.5499769449234009,127,0.9538303584389278,AIR
0,0.9358598921057024,2.1206734483669134,38.6680028971448,1.5984443695211938,1.288240909576416,1.4154445672210407,1.7533557046979835,1.251074194908142,497,0.9352895350509582,AJA
0,0.9198475798544051,5.138342388740108,39.9068730903964,1.5029608339119034,0.6707073450088501,3.247042300091481,-4.379640178914526,-2.4318830966949463,444,0.9190829130763718,AJL
0,0.9477583368968818,5.697371625473494,52.761500599147084,-1.3806403819458815,-1.0852746963500977,4.557790279388437,-5.063291139240512,-1.6616636514663696,253,0.9476839228729512,AJQ
0,0.7786365093804416,4.539186836233235,52.83812373358033,-3.2767966085726083,-2.738196849822998,3.0072489846017296,-3.3333333333333366,-2.554577589035034,115,0.7775279361981272,AKF
0,0.7835977131097587,8.459416571700993,58.544311569958076,3.447492403455759,1.2761117219924927,4.766619547968233,-2.980972515856232,-0.9619470834732056,188,0.7789659666604507,ALC
0,0.919095655908095,1.2195157772246634,35.81682440640699,-0.911761255399228,-0.47475770115852356,0.7381735818092325,0.0,-0.04806199669837952,69,0.9135702747909561,ALI
0,0.8758759416235592,8.52645775091406,66.03825794970219,4.830690396340674,3.8512659072875977,5.488604314930871,-3.986283754822119,-2.3493764400482178,405,0.8753363632977713,ALT
0,0.9398534072217382,10.207106398761,63.02927484057415,14.622803728837992,13.006007194519043,5.844128113526565,0.0,-0.07279506325721741,192,0.9396117168346906,ANO
0,0.5074904736848379,9.54283728384527,80.16555482566689,2.9706894189386146,1.8484530448913574,5.635975177471462,-5.40376195881304,-1.5523067712783813,423,0.5069862924813633,ANP
0,0.9194492417260136,4.2173221164702905,55.554447021757305,6.4949034629068185,6.089669704437256,2.7629180688124517,0.0,0.07471594214439392,121,0.9191433384594296,ANR
0,0.8916740947692956,8.337048396030507,51.84623723991375,5.6511784392551405,3.686441659927368,4.429895227605645,0.0,0.09162172675132751,141,0.8895660995535786,AOU
0,0.9254431767048605,3.7815540660007523,42.94335026475953,1.114123832942763,0.7636139988899231,2.3945002122380243,2.7527720477004456,1.556820273399353,406,0.9251445761473864,APD
0,0.8532528978161005,7.861190663275416,66.18279265246531,0.6669511057329693,0.8377134799957275,5.261538705019683,-4.545454545454541,-1.5768877267837524,368,0.8532247493884172,AQD
0,0.6442485911306565,11.45146491287344,104.0016013716411,4.547094447428301,1.0089033842086792,5.7483978271484375,-7.894736842105251,-2.9361226558685303,321,0.640834891483383,AQX
0,0.9411912565359896,2.984240065413338,38.425198729453285,5.477698504234906,4.90312385559082,2.1802106321169243,3.581699459727493,3.148650884628296,192,0.9401118622610347,AQZ
0,0.6967585881828894,12.842254248684233,102.32921881300842,1.6957884879039937,-1.415312647819519,7.920738838814415,0.0,-1.0002723932266235,263,0.6908217680229991,ARO
0,0.5615291557018822,52.06919984592597,41.176954440714574,105.86541444680435,66.20267486572266,10.499433104627828,30.492424242424242,24.234180450439453,56,0.5308326199330342,ARV
0,0.9103379264528165,5.112780057863552,60.534427051118755,-10.154014525432284,-9.312274932861328,3.329637175020964,-7.295026118555527,-4.956564903259277,102,0.9091382066349449,ASH
0,0.9629093311729969,3.785849344695506,36.34250700090042,6.55622430753577,6.081931114196777,2.6048000652002017,2.3889228454558262,0.9642099142074585,507,0.9626860442875415,ASL
0,0.9377279185967125,1.4928666088010398,32.0515912193102,3.519978707930308,3.3132429122924805,0.9809607715835846,2.973709660050958,2.528010129928589,520,0.9372872063539501,ASX
0,0.8455110989444533,7.581813123307108,56.249148710367315,5.3796485582241305,4.2967305183410645,4.94098493198463,0.0,-0.2228027880191803,248,0.8439571883510242,ATC
0,0.8985737665559002,7.115022825195062,82.81879699769443,1.3148601154501829,1.1270639896392822,4.5063352913692185,-2.4390243902438917,-0.6553589105606079,149,0.8985444425599244,ATE
0,0.8847851929986679,2.2375301818884323,58.398413553454496,5.831898148685747,5.524298667907715,1.9658202288068996,3.7593984962405878,2.0605738162994385,51,0.8834472906365559,ATL
0,0.7330192556765176,5.064761985003427,60.53577549285355,-0.6516151431463632,-0.8442592620849609,2.735438240898997,0.0,-0.03462854027748108,213,0.7329033784500696,ATR
0,0.9023455028206347,7.316524775740889,65.4252199438264,-2.4222820283844495,-2.692802667617798,4.85396957397462,-10.000069387103713,-5.874917507171631,257,0.9022940802004622,AUC
0,0.9765191340519701,5.1188157755530765,41.75102461681547,8.580721609656862,8.504828453063965,3.2003130039762233,-3.4785238959467666,-2.0834319591522217,446,0.9765175654000107,AVB
0,0.6731471533137736,11.17084767739324,63.28160220006783,-8.506190049004998,-7.902453422546387,7.0796109713040885,-13.18840579710145,-5.435286045074463,94,0.6726875533460497,AVD
0,0.9499331566761213,3.5088817778535235,42.97833172323847,1.8145424525072842,1.5598524808883667,2.0551970069332013,0.0,0.2680891454219818,444,0.9498321793040879,AVG
0,0.8942511567115983,5.410768636755048,53.1208310598476,-1.5843654485474754,-1.9129999876022339,3.436650606178439,-7.145437468391019,-4.4937615394592285,467,0.8940698197645871,AVH
0,0.8246009449142798,8.0909011972424,54.98713413834727,-5.205348135393274,-4.673639297485352,5.05587595033799,-9.61839737043967,-4.504563331604004,330,0.8243107331523447,AVI
0,0.8714125875932917,7.6221288746158455,56.23861421712115,-1.5259183334160338,-2.4765117168426514,5.011879499289037,-8.900539312898978,-4.705687046051025,374,0.8706264019551345,AVL
0,0.9430956790335494,3.139132857275361,45.82085563217995,-1.4621164730111973,-1.184504747390747,2.390071697273539,-2.193791609850006,-1.5913840532302856,474,0.9428678966744722,AWE
0,0.94577965951096,3.190158529173237,34.499172020210146,4.514047249446158,3.9584836959838867,2.629180454206069,3.0309988518943687,1.1028164625167847,110,0.9448382216157031,AXP
0,0.7852402980570385,9.2845306005043,78.71208655546238,-1.682745322358191,-0.4793597161769867,5.206243552917924,-5.178571428571428,-1.3501240015029907,138,0.7838611295917071,AYI
0,0.8844981432017898,6.353572324486009,60.85172386228673,-4.480907672958046,-3.58498215675354,4.1586832318987215,-6.969696969696967,-6.595188140869141,56,0.8834441815271622,AZQ
0,0.9126514785878711,6.995923021557292,47.35946842686262,1.329023714919332,-0.03970685228705406,4.834294182913641,-6.666666666666662,-3.4925296306610107,149,0.9110464271124209,BAT
0,0.9193707666605421,4.839384058087116,47.3759821672516,2.249984289794406,0.9693730473518372,3.0902569430695963,-1.0526315789473693,-0.5627919435501099,432,0.9172091370906714,BAU
0,0.9099164977622816,4.358620976432609,36.77630744186016,0.9472673871160596,0.6907578110694885,2.411852351612186,-2.9585798816568074,-2.0515592098236084,545,0.9098852702507207,BBG
0,0.8556069905884729,8.380467309948413,57.60484345300911,-3.221511569999163,-3.3006701469421387,5.123951189445723,-10.416666666666675,-6.974856853485107,173,0.855602385924042,BCT
0,0.6504447091863539,12.533457773886537,110.5881634103729,-4.1879690775740634,-2.532867193222046,7.423595457451547,-8.873712606641494,-2.3430373668670654,102,0.6481423154953694,BDM
0,0.9071495505623819,6.583274535709922,54.01730360930047,-10.361241011024813,-9.383481979370117,3.809586570376446,-13.461538461538465,-9.072067260742188,247,0.9062900682574765,BEC
0,0.7938520230706858,6.418876307325555,41.10051630865794,5.190453681320352,2.9671497344970703,4.49381234429099,-2.4288588674906606,-0.8786698579788208,38,0.7841391202255508,BEE
0,0.18205334363334424,27.009338348006374,224.12096861479958,28.9181286932988,11.989730834960938,22.116660867855227,24.499999999999982,5.458261013031006,176,-0.06527085736289795,BEL
0,0.9050604385610207,6.614020194775975,57.15237152774838,-0.3564744503239055,-0.848564624786377,4.508889661894907,-5.5555555555555465,-2.428558111190796,213,0.9048742757483047,BEZ
0,0.9303554814275566,3.1923096169073504,55.439478981173785,1.1679700888683677,0.46471092104911804,2.3648232051304507,-2.9253731343283675,-2.8892858028411865,101,0.9284800971995258,BFC
0,0.7480997298183324,7.432803212803309,56.016904714690064,2.2510935095994884,1.4052400588989258,4.340056838673579,0.0,-0.779706597328186,163,0.7468620935594781,BGG
0,0.9036440711508673,4.754784210125951,53.589653734020246,2.0214425487494063,0.7644910216331482,2.9491485346666906,-0.26990553306342807,-0.08744445443153381,328,0.9006598291698096,BIS
0,0.8091694759005484,6.8504743602188265,78.29577392944825,0.15615518518290916,-0.6684715747833252,4.106869813167686,-4.1904577567018295,-2.1951568126678467,411,0.8081374471700058,BIT
0,0.7500640673012449,1.9763277867090518,45.15615960508493,1.1642259880664174,0.8532043099403381,1.0450161115543288,1.167315175097286,0.8178199529647827,419,0.7480573128355437,BKI
0,0.9279185332126401,1.4746574210823613,35.07058893105158,2.4911438721017514,2.2500877380371094,1.065686347381789,1.3240287151927976,1.0120619535446167,506,0.9270295069884511,BKW
0,0.915417656108894,2.7640942924063077,32.16502741914956,10.789280852898061,10.063545227050781,1.988151015751697,11.176470588235288,10.154650688171387,191,0.9125947621581424,BLA
0,0.942627873231921,2.1987672635364848,33.66708864180987,2.6472949063334115,2.6229326725006104,1.6656493723563348,2.180384015115611,1.415859580039978,524,0.9426241834111255,BLD
0,0.9006808782201858,8.182484701392452,70.0922193634482,1.8920812452273539,1.0447402000427246,4.705715795569722,-7.1353698712189315,-5.358304977416992,392,0.9002493221320007,BLR
0,0.933349361849328,5.769628961993272,39.654117371521046,0.02598198923134512,-0.09263545274734497,3.9164076084043913,-6.896551724137938,-4.712335109710693,489,0.9333387884230588,BMN
0,0.8365529502718565,7.1730355475425025,49.141853550989815,-5.718531687462047,-4.997973442077637,4.144313812255859,-8.754483208346919,-6.423460483551025,77,0.8359468979356001,BNT
0,0.8523654825533225,7.970627505735938,66.56756888101987,3.6408021058814866,1.9530705213546753,5.330687999725342,0.0,-1.3302980661392212,135,0.8493512812527948,BOA
0,0.9497514586633733,2.7022913830854307,35.52360173611564,6.318029966820214,6.16246223449707,1.736315704847172,5.062413314840502,4.241682529449463,523,0.9496813367315211,BRG
0,0.9514307795530291,6.1160358983897245,48.137731584196715,3.828892779229366,3.2390148639678955,4.562383651733391,-5.8823529411764754,-2.7209651470184326,425,0.9512109820710393,BRL
0,0.5852617475101132,3.1366799763529136,66.19298183563025,0.611860424836312,1.0971814393997192,2.160491771266777,1.0947274352100125,0.967215895652771,77,0.5807915004361257,BST
0,0.9314498647697989,4.351383689591489,39.139176645340854,-0.4739606197125155,-0.03771572187542915,2.9509468759809074,-2.040816326530614,-0.2756430208683014,259,0.9311211018375909,BVA
0,0.854817453759843,5.541750844802944,58.63934561548033,8.290561540511915,7.071047306060791,3.731630597795757,7.633228840125394,4.649990558624268,165,0.8513647684039769,BWF
0,0.9432109634067651,1.882239931502167,34.01936373596675,2.785457893458323,2.36789608001709,1.3074846320493227,2.9857021931855963,2.3101141452789307,528,0.9417429315611081,BXB
0,0.8161844492655759,3.7749763964557688,53.7199222654415,1.4925947699776965,0.9945052862167358,2.851923739810558,2.2687638607875718,1.1277936697006226,194,0.8144415839799853,BYI
0,0.9386692963957303,4.063749012788465,42.85189093616353,2.620200736817807,1.5468300580978394,2.62422120818459,-0.91632653061225,-0.46419110894203186,361,0.9366787013427449,BYL
0,0.918766881775554,4.2447447008631185,51.992488463759855,2.4888982785357143,2.4347879886627197,2.4797661184385387,0.0,0.43981966376304626,277,0.9187610018171581,CAF
0,0.8900038512589001,7.2457893287925526,51.55993038209189,2.0767280637006063,1.0294535160064697,4.7152548445032,-5.634920634920633,-1.8120161294937134,382,0.8890689591417474,CAP
0,0.945702288262033,1.637936876417459,32.7581142684588,4.6311566567848725,4.15519905090332,1.145687123399985,4.304635761589407,3.663841485977173,427,0.9431252454776187,CAR
0,0.815482190329452,5.934653435755702,48.9229669687908,1.1853808200461056,0.3609127700328827,3.8191201320408696,-2.837022132796775,-1.749116063117981,416,0.8143949375981565,CAS
0,0.880929992726865,6.926906623705568,50.1923182529855,7.786012239525634,6.459628582000732,3.8826669719484164,0.0,-0.6347938776016235,253,0.8792266424782195,CAY
0,0.7429586488209547,11.327398850902492,72.72556948336549,-1.9294188978715316,-2.343001365661621,6.469493981941714,-8.854166666666668,-3.8815882205963135,278,0.7428533301145988,CBQ
0,0.8697527382752357,5.125525914339785,51.03495438765672,-6.291274813216906,-6.262763500213623,3.1995368433780342,-10.000000000000009,-7.5001935958862305,312,0.8697514937849329,CCC
0,0.5433912708070016,9.536078685994422,66.10350315613364,-8.295292603427498,-9.437117576599121,4.957532413189231,-9.547658295355378,-6.407281398773193,84,0.5414701413800014,CCJ
0,0.8009461197827027,15.451571827917428,51.18537148229328,4.405223040526174,4.394277095794678,11.027183826153092,-9.090909090909085,-1.9613500833511353,111,0.8009460744324385,CCZ
0,0.936788281172555,3.5451646770066976,44.17126924974916,4.664487354039862,4.813228130340576,2.3681352150054558,4.33153257892339,3.4652516841888428,476,0.9367355981889078,CDA
0,0.8916785010318453,1.41458970532074,37.8768545325361,2.7253447617401374,2.536985158920288,0.9662957807332042,2.7477919528949983,2.1907923221588135,409,0.8907335060889363,CDP
0,0.9639424390753384,5.705755817750008,53.85492646781827,2.8088181459298625,1.8126709461212158,3.688171386718757,-0.8962868117797703,-0.7334295511245728,209,0.9634400002280942,CER
0,0.9055818678855017,4.618079812268845,40.86116245111764,-6.990136126158242,-6.005687236785889,3.4885825143344125,-9.999999999999991,-6.977447986602783,55,0.9028869353678638,CFO
0,0.9584434635240269,4.139734172757333,47.35164683484159,-2.574674663180891,-2.251274585723877,2.9284631785224526,-4.850989960008797,-4.951807022094727,146,0.9583098169301644,CGH
0,0.5683258573282202,17.15479582367429,101.35580596223086,-1.8044785397066194,0.028150158002972603,10.00086253264855,-3.703703703703701,-0.4475509226322174,44,0.5657823067759657,CGI
0,0.9555240911882633,2.4519761460345735,36.17639138864177,3.362690495224083,3.428356647491455,1.6759426732952853,2.5028867789702525,1.6645420789718628,504,0.9555085666506801,CIM
0,0.7928234682557067,8.56223867824327,77.80471886083012,6.742321091408882,5.379225730895996,5.260087285723008,0.0,0.7760051488876343,108,0.7908624684569606,CIZ
0,0.8356445333961643,7.745870916686822,62.65553166353401,3.0167947804258977,2.3341357707977295,3.618020738874158,-2.2988505747126298,-1.9508968591690063,365,0.835298682523664,CKA
0,0.944294850440969,3.0203393214887835,30.92163576613621,5.609850360124292,5.63377046585083,1.982985023677987,4.937700060844947,3.9940083026885986,325,0.9442932511853244,CLO
0,0.8708958815288427,4.063879185185955,52.03891728955885,-1.2675467275083285,-1.080238938331604,2.958516906103565,-1.6106989457243253,-0.8259350061416626,171,0.8707590506464884,CLT
0,0.8000379678407816,4.172073933155261,58.29528818289808,4.2583630688183005,3.576167583465576,2.5212684735234347,3.77330305119574,2.1642038822174072,251,0.798245802568021,CLX
0,0.728660346641167,10.989107435841534,73.36663368077056,2.433038156393855,1.3062645196914673,5.973790997136248,-5.075593952483802,-1.6394411325454712,225,0.7276244352253493,CLY
0,0.937436636577102,4.097796393246852,41.799859613102925,4.651558339964061,4.080372333526611,2.649098672680015,1.8867924528301905,1.452557921409607,293,0.936883676840534,CMG
0,0.8404996377015382,8.101723628121253,111.39184555560713,-17.583733758159937,-16.506641387939453,5.6004701429797805,-23.076923076923073,-20.355663299560547,61,0.8390456393365133,CNC
0,0.8753559923762896,7.841789604080877,75.0337402431353,3.3368326154070704,1.778342366218567,5.727724711100265,-3.84615384615385,-4.0309271812438965,83,0.8729767586520505,CNH
0,0.9187606425211798,2.832987127038486,38.998741635383084,4.706905892798491,3.965815782546997,1.5871374246790613,3.7539103232533897,2.565943956375122,465,0.9171325575148146,CNI
0,0.7147444354153383,9.563039987560877,75.93964873651579,4.950672021835823,2.3649816513061523,5.431894146904506,-4.1960093896713495,-2.243694543838501,254,0.7097342344250278,CNJ
0,0.800231891444549,10.990887858115267,63.40070898998105,5.903275351125014,3.640422821044922,6.252770923894924,-2.6813093782190744,-1.7476340532302856,118,0.7970585180802203,CNL
0,0.9222755407625881,7.654144943337253,52.037184326165885,-5.601097543945907,-6.230834007263184,3.9345067495323107,-9.090909090909099,-8.463451385498047,234,0.9221075282189508,CNP
0,0.9068417971170681,3.4819070732423043,47.85179722218811,0.3179154418304271,-0.10289949178695679,2.3804753933354252,-1.680790960451979,-0.570292592048645,528,0.9062737658447594,COE
0,0.9461988707397913,1.6531328128287177,33.36447081293885,3.883158086613764,3.651890277862549,1.251092754819234,4.696986520835923,4.001887321472168,486,0.945645211975634,COH
0,0.903630308102046,1.7489020328235494,40.24055527995085,1.1407977111314136,0.8801131844520569,1.156160004453021,1.9470647529663478,0.8999594449996948,322,0.9025782869653863,CPA
0,0.9050554061270556,7.3579207398017425,50.76801449558223,3.25231292292585,1.6912875175476074,4.680784781773896,-5.298245614035093,-3.096883535385132,294,0.9034015507757325,CRB
0,0.9112962914254028,6.538335740996818,57.69689297767936,7.471390991741735,7.1142754554748535,4.058047938991233,0.0,0.20098623633384705,385,0.9112106960981224,CSE
0,0.9271463507924835,1.5276306604162297,35.82364211854831,3.064420925478008,3.024970293045044,1.1049965327429545,2.984511511208791,2.5223276615142822,525,0.9271216402528161,CSL
0,0.9307881688053286,4.646251528340523,38.80822554464662,-0.04677895762851619,-0.04739729315042496,3.0243058705078143,-5.926251097453911,-4.409982204437256,524,0.9307881682890268,CSS
0,0.9406666268370053,2.160455333921925,35.309830837401954,7.745320873890713,7.401592254638672,1.7770483616030353,7.046408811431603,5.925464153289795,329,0.939769978627458,CTD
0,0.8965238554886895,2.397437953192575,38.661402224617326,0.3221012172840945,0.211532860994339,1.345697566314979,-0.4597725447089168,-0.21992650628089905,494,0.8964638911572648,CTN
0,0.8874244065136018,5.133174223319943,50.78609458413492,-4.970927045176717,-4.500948429107666,3.8421712903792127,-8.876050420168074,-5.570820331573486,482,0.8869711475063101,CTO
0,0.8406405042043155,7.761508109885783,69.45172877015177,-9.851771533405723,-8.546573638916016,4.802554104710576,-14.285714285714285,-11.236322402954102,292,0.8388147895037183,CTR
0,0.9542415229731745,2.041342188638373,33.27334536204838,3.523398745513653,3.220543384552002,1.541840257636204,3.7919944409968926,2.9084532260894775,520,0.9537128864197622,CTX
0,0.9502622739503769,2.5330667132109315,42.26927362102955,4.109630355856569,4.012039661407471,1.8836517834766813,1.2986174303578326,0.4914639890193939,151,0.9502253849749257,CVO
0,0.8799612775039902,7.90572463562035,50.67061552161515,-0.3394873986308518,-2.436263084411621,4.805489973588422,-10.000000000000009,-8.755263328552246,249,0.876976351378383,CVT
0,0.2628277032686799,20.099425145738383,83.17100464180011,8.048997033612379,-2.827810287475586,5.8773436129572865,-7.143002344522898,-3.685617208480835,303,0.2543916139149369,CVV
0,0.9409675954211434,1.785252941337254,35.31350648537611,2.877007034143428,2.5059852600097656,1.3097343985016132,2.823082763857248,2.287450075149536,493,0.9397103423818649,CWN
0,0.9301650792297215,2.391041243321734,40.47980510632711,3.840850743774331,3.9376611709594727,1.6712908219648466,2.3083415258292925,1.5833629369735718,488,0.9301145356687064,CWP
0,0.9409627708848821,2.564581632684638,37.07832458005761,-0.02449678333645496,-0.05104173347353935,1.760808236120968,1.2367491166077789,0.7255691289901733,493,0.940960037281778,CWY
0,0.8944107520303365,9.136922158861532,47.492794870437265,2.9388111342248724,2.0149481296539307,5.083515698747558,-7.656395891690022,-5.142460346221924,233,0.8940442327321846,CXO
0,0.9103034749147545,12.150720890029545,48.05264176185335,15.223122892297548,11.495319366455078,5.146397781882049,-7.670454545454545,-6.256062030792236,144,0.9084959610835817,CYY
0,0.3706812011217404,9.297424651848798,70.17916843260113,0.562440845034598,-0.47333821654319763,4.7838915927069365,-7.407407407407414,-5.2897629737854,147,0.36994742074213594,D13
0,0.7601213355495098,7.172420374740693,55.01684929853592,1.5312085821725123,0.011317789554595947,4.324015193515358,-5.555555555555541,-3.887376546859741,393,0.7582894393322244,DDT
0,0.2737115069082995,26.573235074986467,72.0572942033642,23.11018960361596,6.771351337432861,7.6953441052212455,0.0,-0.9715067148208618,135,0.25410847844480067,DGO
0,0.865954490474103,5.825898421818713,42.21087647575432,0.4444587330009417,-0.548594057559967,3.3292017217128995,-2.43055555555555,-0.846500039100647,363,0.8650772810624828,DML
0,0.929647804459675,5.035709610052232,36.1116636014485,7.179562633323392,5.854145050048828,2.643058057815316,-3.0025583929502035,-1.795850396156311,365,0.9286490957903953,DRM
0,0.9588968302360736,4.385451487993561,41.50888840592029,-0.14245439058576304,1.4294263124465942,3.412806122006897,-9.317829457364336,-9.139549255371094,64,0.9560297235985578,DRO
0,0.9415018419527245,3.1646031553680083,38.222465400195546,-5.1777324941184,-5.959775447845459,1.9019987260276043,-0.45036452318615183,0.21791967749595642,112,0.9402973762181759,DSH
0,0.9165148307016038,14.465193443679615,38.045418525708044,95.48184761584393,86.05763244628906,2.0915778387449464,5.812865497076022,4.741950035095215,534,0.9152470086841051,DTL
0,0.9116931280711834,5.3001061317115035,42.983643125326914,0.9149313327047406,0.9222351908683777,3.170897429918419,-0.2645708505174738,0.3663838803768158,253,0.9116930601472754,DTZ
0,0.9374545905255495,19.98965225244018,127.8796921177279,38.51577977053172,28.594036102294922,9.401533603668213,0.0,0.15838703513145447,294,0.9336371924474143,DXB
0,0.9100990277701951,1.7819344326877402,40.66774350591811,0.7907956908562009,0.6395952105522156,1.2295693761129631,1.9155418897369605,1.360155463218689,519,0.9098061456728429,DXS
0,0.873660117443462,5.629230089136211,54.79132219735535,0.8077396674825758,0.9565088152885437,3.2799936540130825,-0.5138489208633128,-0.1901170313358307,326,0.8736229611641173,EAL
0,0.8027503181084285,6.882409307455394,54.51178916149215,-2.2666105082550425,-1.9873465299606323,4.240028799077139,-6.188546389402505,-3.8349759578704834,244,0.8026138775848998,ECO
0,0.8792872251040607,9.00674898512068,50.26334049940283,-2.8245934133375674,-2.6486496925354004,5.566542111910316,-11.764705882352953,-7.913197040557861,229,0.8792680625077409,EER
0,0.903589323973153,3.144891098677275,31.301447767314816,2.496181311927147,2.086639642715454,1.3641609947432562,0.0,-0.002207428216934204,432,0.9031368566354843,EGG
0,0.9617247975344888,1.9037279238800684,28.122292912079256,0.3279261423496909,0.18569347262382507,1.491002325868995,2.3200901072989253,1.432742953300476,140,0.9616206291095429,EHE
0,0.935647076538784,4.076737208798858,46.0160547001311,-1.9618523043731437,-1.9144054651260376,2.568103543213148,-0.9391327355025669,-0.5133320093154907,530,0.9356432811997611,ELD
0,0.7808193926798788,9.281464782313282,45.083786614224074,4.696054888926812,1.971826195716858,4.340115037278532,-7.894661295830137,-4.795684814453125,354,0.7780049140256193,ELK
0,0.9065434716184051,6.111553636791248,61.79602307224388,-0.2615028743146414,-0.496209979057312,3.6863698117873227,-3.8590273675920517,-1.928674340248108,400,0.9064903375871578,EMR
0,0.7920457443301732,10.061619034169391,51.77919846871085,2.410984942690805,1.548492193222046,5.627003324423946,-5.644657113935821,-3.0807292461395264,164,0.7914305944055543,ENB
0,0.7181514259210278,16.10415543385796,158.69713072191846,4.49694358232659,0.2881108522415161,10.69355297088623,0.0,-1.612664818763733,117,0.7101924776241341,EPM
0,0.9367985190784167,2.000816316708829,36.974419236698736,3.5391119780846036,3.100008964538574,1.2888615281805258,3.550295857988174,2.4753687381744385,395,0.9353774264815253,EQT
0,0.9306842139720297,8.34224579708706,48.942034588707656,8.657919772935143,8.766928672790527,6.142571738272002,0.0,0.004373401403427124,94,0.9306781196411811,EQU
0,0.9543930554854174,5.110892473446793,51.57030866886898,3.1802316037007334,2.738440752029419,3.1521446830247655,-1.5045248868778294,-1.1582461595535278,424,0.9542468935061204,EQX
0,0.7237131507331808,13.942010931540223,83.47028641278395,8.628791534218054,2.221675395965576,5.834040024306972,-9.677186263706488,-7.873698711395264,143,0.7152595083586046,ESR
0,0.8172756667812678,6.156626901739091,60.80065786547407,-2.1207822198671997,-2.585036277770996,4.137331594627092,-6.061122568988738,-3.912144422531128,437,0.8170332994699557,ETE
0,0.9465446869344212,4.491643727515731,42.7174400114603,0.9434014171252817,1.112934947013855,3.423201390675131,-1.4084507042253531,-0.7925897836685181,523,0.9465022008163093,EWC
0,0.8352700192221583,9.471552407972878,58.97092633431019,8.61844474444087,6.650923728942871,5.322471470446201,-2.2727272727272747,-0.18273797631263733,129,0.8331813540690851,EXC
0,0.5102177763854274,14.78400424930742,62.74162873512292,9.334031027179543,2.794273853302002,4.953638552747144,-6.060606060606066,-2.320138692855835,357,0.5059229249891339,EXR
0,0.9087463534181214,5.633437065007672,40.103209990475065,6.5653509675228605,5.062153339385986,2.8241489728291924,0.0,-0.14208665490150452,531,0.9067243783770531,FAR
0,0.9508409976876164,1.7276933335718665,31.013501020258964,2.352900942855485,2.3199143409729004,1.2838493936464292,0.9573304157549152,0.3869708478450775,515,0.9508319566104931,FBU
0,0.8457236851061294,10.36588666895286,51.430926315101125,4.219279152980655,1.7133243083953857,5.411937819456675,-4.195804195804199,-2.128741502761841,188,0.8428965379344929,FEL
0,0.9465496366711073,2.220781402952809,35.38130369710597,4.45751172073952,4.094719409942627,1.341820916398106,4.2661108856837116,4.230432987213135,483,0.9460752942585536,FET
0,0.8765163956880253,6.744960618562291,47.535349537082666,-6.160219168966975,-5.74354887008667,3.76971024733324,-4.090909090909104,-3.211153745651245,99,0.876299037490973,FFT
0,0.5922149429393206,14.010985347605994,107.75371871091922,-2.0541822067057462,-2.405881643295288,7.327374879301061,0.0,-0.7890621423721313,163,0.5921227078314866,FGF
0,0.9116220125074697,3.8164472995017986,33.351976015662586,-2.4073011600377057,-3.0517444610595703,2.5597619556245412,-3.773584905660381,-2.2158238887786865,191,0.9106868767772691,FLN
0,0.8836797337185347,3.863103726801595,54.023757307739395,-0.9888606671743355,-0.7179425954818726,2.996463214749274,-2.501058600849851,-1.5417758226394653,390,0.8833567881102331,FND
0,0.9173703730551883,3.269769618320395,46.80618417991383,4.064772105041603,3.5144245624542236,2.3994275272628416,4.061601545930154,2.237342596054077,462,0.916109733184826,FSA
0,0.9239818485689141,5.990768119454994,72.38469007797342,-1.4208539282869401,-0.7237797379493713,4.080599648611887,-8.000000000000009,-4.704864978790283,351,0.9234902425632616,FSE
0,0.963319469633826,2.556603256820442,34.37475102410588,4.243560015458537,4.10162878036499,1.7021930263300726,3.3171521035598643,2.827632188796997,497,0.9632679430706002,FWD
0,0.8550801521860343,12.368098624143919,86.03402510362804,9.466240392001913,6.357202053070068,7.495036812055683,0.0,-2.5572664737701416,102,0.8508177683526821,GBA
0,0.8977437326625968,11.993571127500639,95.6835032164121,7.097755446415962,5.445197582244873,6.540658637881281,-5.263157894736847,-2.0871808528900146,170,0.8971212454827214,GBM
0,0.7150679676501193,13.7226999965302,102.72792078714635,9.78169388641409,5.961435794830322,7.143212795257568,0.0,-0.030756622552871704,103,0.7063325441131183,GBX
0,0.8865705801898567,3.9914536908597196,57.40384999587871,-1.1216223356207002,-0.955940842628479,2.698773145675659,-1.7543859649122824,-0.8787847757339478,229,0.8864643186406358,GCG
0,0.8708174188649589,12.537875344025739,77.68076701850954,7.055327871285917,4.5025634765625,7.537450496967018,-4.000000000000004,-3.000192403793335,309,0.8685805985391307,GCN
0,0.9372989964618615,3.514557454129464,39.47999866079601,1.9107340807913704,1.7816455364227295,2.479452567963399,0.0,-0.2408100664615631,402,0.9372553360507391,GCS
0,0.9137888553414408,0.9858486226905435,38.79531530021351,1.311672231071336,1.4141323566436768,0.742358385506309,0.5747126436781614,0.5681861639022827,191,0.9132957875915233,GDI
0,0.625610693522611,6.721774873465407,62.51886157656481,-1.423643422995342,-2.046388864517212,2.5518759562012305,-2.9217305809894274,-1.7237993478775024,230,0.6251915697417094,GEG
0,0.8160305037987664,10.384038589036546,91.86110940039768,-3.4568005101062482,-2.0366334915161133,7.8970273335774746,-10.000000000000009,-2.023103952407837,324,0.8142820279783726,GGE
0,0.9136074905367266,6.3944634198819275,43.17326926060291,-0.5039240521261347,-1.0147311687469482,4.278348922729492,-8.571428571428577,-6.1176018714904785,455,0.9133765062957274,GGG
0,0.8615219161354415,10.302744590764195,67.59006433438391,2.1567428894039247,0.15126344561576843,7.170624652079172,-7.1428571428571415,-2.3705623149871826,273,0.8592254396232989,GME
0,0.9558581602598567,2.389492263806639,38.62707195697076,0.7519312106032667,0.8944666385650635,1.4790398186405633,2.9306220095693902,2.5898783206939697,533,0.955790465227245,GMG
0,0.7782635504032562,8.799130500280102,68.875016028511,-10.292109270690284,-9.83436107635498,7.159007001601665,-11.946803160669518,-7.904176712036133,66,0.7778811899429204,GNV
0,0.9445645772649445,5.957330213910964,46.30163156760811,8.968950192021953,8.074529647827148,3.446902628276936,0.0,-0.5747357606887817,458,0.9440865457683592,GOR
0,0.9188345226088493,1.717926871766392,33.14212152195573,1.0969120014260578,1.066720962524414,0.971810942190726,2.5398753002684615,2.180267095565796,484,0.9188273339576292,GOZ
0,0.8865955684667514,2.162259654336918,34.921926514673565,0.5089804768924622,0.4543832242488861,1.0690434331570497,2.153896203874077,1.5542582273483276,496,0.8865796386605522,GPT
0,0.7645973987404869,11.32747360465251,63.44459053023467,2.375900099444767,-0.11837825179100037,7.248931246394221,0.0,0.7387231588363647,101,0.7599973462145742,GRV
0,0.8443857043909204,11.981955837242678,71.42215584532188,27.400346226767038,21.893848419189453,4.717067949699622,2.843315184513017,-0.12788167595863342,251,0.8427065524974586,GSC
0,0.8247248517074295,10.360459712683657,90.32856284009,-0.629267113982934,-0.5348039865493774,6.3428662618001255,-8.421052631578943,-4.255795955657959,153,0.8247192805052688,GSZ
0,0.8409313415861513,9.622084932297335,71.53685743204325,0.8318912249078412,0.12003284692764282,5.641044616699224,-6.521739130434788,-2.668114423751831,385,0.8406023238600681,HAW
0,0.8085890302721123,8.562425629517957,67.8880928747563,-6.864410519193267,-5.650212287902832,6.085059371768919,-8.759590792838875,-4.780092239379883,186,0.8066853431639922,HDG
0,0.9547003072953404,4.078499483565908,40.010271699011795,5.943512094846219,4.349419116973877,2.6431380285935546,3.34722407008974,1.3092983961105347,448,0.9525236517682292,HFA
0,0.11601738721676558,18.93333816171946,83.08166629118409,11.46494485967826,-0.6157538294792175,6.996581631462757,3.7181663837011913,0.20409473776817322,52,0.0941590134558945,HGL
0,0.9406629737214378,3.043715597106467,43.523994772095485,2.425910619438936,2.4491398334503174,2.201574428461207,1.6460993704988482,1.4392131567001343,463,0.9406611660240441,HHL
0,0.8988354091068729,4.10392370352082,35.39754137659721,5.90713653118794,5.224427223205566,2.592021624247227,3.055555555555552,1.4021800756454468,215,0.8977535675247876,HIN
0,0.8963961248990472,8.66404781357885,73.58946771244507,-0.10472075137205307,-1.0203979015350342,5.147265547797792,-8.33333333333333,-4.30100679397583,353,0.8960004459516051,HNR
0,0.9215693009352507,6.653445721431231,73.31616906735533,-4.10119485672529,-3.548121690750122,4.763706684112549,-10.714285714285714,-6.8758721351623535,291,0.9213132554914387,HOG
0,0.10341903825729182,14.400400413800716,70.31265498825934,2.6231185272031587,-1.6718822717666626,5.178063833702794,-6.250659909196504,-4.491845607757568,335,0.10073352714726092,HRL
0,0.8569580661187359,20.78219813679417,57.326321078681644,29.112288342000653,16.25434112548828,5.866257154024565,0.0,-0.8760000467300415,209,0.8512841708260926,HT8
0,0.9325999653747935,7.655841152592926,47.83450101571696,2.797291948995138,2.4891912937164307,5.087011899097661,-7.407407407407414,-3.9275825023651123,235,0.9325532240112904,HXG
0,0.8022878771625183,11.747328022187835,49.1215732780089,5.878106908576898,2.034513473510742,5.905770490351863,-8.695652173913036,-3.6019155979156494,284,0.7979094563849382,IAM
0,0.9081153541797666,1.32746542991817,38.087642789261515,0.5218180255299116,0.5015268921852112,0.9629768526395948,0.810722137652985,0.6511081457138062,378,0.9081041160842578,IBK
0,0.9021233741263402,9.67355954866154,53.00018279570759,0.12550221226593128,-0.8033122420310974,6.051954341045829,-13.414210358148402,-7.215510845184326,314,0.9017093671466025,ICG
0,0.8440333526260335,6.630548095706307,65.72459108749781,-0.15346308185491137,-1.3824788331985474,4.297491360056059,0.0,0.4350627362728119,263,0.8415994499784554,ICS
0,0.889771304208586,5.431387755915945,64.12354628528016,-5.196395382220843,-4.835624694824219,3.8140224518947696,-6.666666666666668,-4.195450782775879,436,0.8895232310152597,IDA
0,0.8649840195320537,4.598653425007121,57.06877045987141,0.0673251238140398,-0.4869268238544464,3.2653228409436323,0.0,-1.3882213830947876,129,0.8639369682278639,IDZ
0,0.9410944357023054,2.1160987326310963,37.94425154351584,4.62669331932227,4.109029769897461,1.621781993191837,5.133452147586085,4.217296123504639,88,0.9390558254688809,IEL
0,0.9496564724420037,2.0624640794228926,33.16975642194065,3.9184002432173486,3.5927956104278564,1.4410487663118232,4.3916474321984955,3.849622964859009,493,0.9490353380667538,IFL
0,0.9155493832747641,6.23108040223067,36.31643311860651,-0.37833690512466156,0.7219191789627075,4.300745837828698,-8.166666666666664,-4.962933540344238,144,0.9142399985091454,IHS
0,0.8157360369397995,9.071000960804755,53.06621940875967,2.607266488969577,1.6489365100860596,4.966973581562975,3.17305633791873,0.8256772756576538,150,0.8151000956821514,IIL
0,0.9102566661595817,1.6333571635308721,36.75579118214556,0.8784850835486814,1.0124456882476807,1.00705184256724,1.982963273285856,1.6338342428207397,303,0.9101038145166579,IJR
0,0.6214715128869119,14.53488698543345,100.6010361408156,-9.313410749883449,-9.333792686462402,5.915639241536454,-14.999541119834454,-3.7588250637054443,237,0.6214712621546841,IMI
0,0.8905731839490266,12.003940568273714,99.63874380996053,2.4448732512230897,1.2165052890777588,6.848420947583094,0.0,-1.0631967782974243,368,0.8902243486118888,IND
0,0.9811823464517773,10.028710468106764,59.51639289777293,10.148003211849456,9.919943809509277,6.343050086045126,-5.0001563526063935,-1.8343397378921509,373,0.9811780491951432,INK
0,0.7935989175296847,14.422458554453689,77.00406666918227,6.927604630131264,2.1822831630706787,6.54639403025309,-10.000000000000009,-3.1291921138763428,225,0.7920063911354995,IOD
0,0.9396475557229058,4.53604883872711,43.8870952428438,4.26393943874431,3.5376455783843994,3.1664598587504944,-0.5649717514124301,-0.5663629770278931,385,0.9389846594893462,IPD
0,0.8848754368480338,5.087286169270748,34.170524302318206,-12.751670574657027,-11.522789001464844,2.1312853048594196,-11.764705882352953,-11.375958442687988,105,0.8828570765346452,IQE
0,0.8659817432003267,6.333694248696509,69.36169991440444,3.3986942302535654,3.005002737045288,4.605816233788982,0.0,0.06280073523521423,250,0.8657098111240453,IRC
0,0.9323658350614956,2.9027561938851925,32.21399782160408,1.0615215346632298,0.9425094127655029,1.9359232316534225,0.7571618140660403,0.2955516278743744,219,0.9323207597524796,ISU
0,0.8080922113791128,5.818988839252053,58.53749122909946,2.1471972892075435,1.1894831657409668,4.028459829050348,0.0,0.3196786344051361,327,0.8054630577853016,ITD
0,0.9118035107538089,1.704601417234314,35.599724690078126,3.8346678759008603,3.4205758571624756,1.1602148402693349,3.4045321478911426,2.6383583545684814,521,0.9091528743831839,IVC
0,0.7478516302077156,3.8766405730115854,44.546206532290626,-0.8252283395234763,-1.6847865581512451,1.2766268650690735,-1.734104046242776,-1.064090371131897,37,0.7455257751276972,JCI
0,0.9126287473518289,5.116271882091197,39.35586784648321,-0.5381451037063413,-0.21340325474739075,2.707931013602137,-1.8019480519480466,-0.6046029329299927,366,0.9125128966714888,JPR
0,0.44125655705756606,13.636041007010919,125.53888192080794,-7.490047753345916,-4.941886901855469,7.1884404703513844,-10.000000000000009,-1.7554317712783813,97,0.4356254293120987,JVG
0,0.9632010978970245,4.122584001258874,35.47955002268124,3.579433774282228,3.102262020111084,2.7381210965366534,-3.4921273031825804,-2.2954533100128174,494,0.9629691008198888,KAR
0,0.8572971431854859,6.08027994421138,43.665271364231444,-4.574227653337222,-5.66564416885376,3.451363413402598,-7.3593073593073655,-5.090987205505371,314,0.8558139413601183,KBL
0,0.9220037156269448,4.229332444142845,41.58920449562507,-0.36028849175283356,-0.581474244594574,2.662370361538952,-2.4302046761435707,-1.2556577920913696,499,0.9219074233537613,KCN
0,0.9765169234053169,3.395703268048983,37.06250411572448,19.731971758597613,18.92177391052246,2.2630116021233913,9.938259236067623,8.769448280334473,65,0.9758899233185184,KGN
0,0.7622278885983789,11.06504250919765,67.17935493670808,-3.01385552573006,-4.323375225067139,4.671554621157793,-10.0000412561678,-5.349076271057129,328,0.7615405941973522,KIK
0,0.7719006621130394,11.357058415996477,80.26888338209834,2.780085054331422,0.4482894837856293,7.2247071240675,-8.7761535544617,-3.920269250869751,340,0.7704343004392504,KKL
0,0.8412159146184716,7.093825676562926,61.511594480523435,-0.6436778646778772,-1.3362370729446411,4.6461944324133135,-6.2500484785492265,-3.134880781173706,313,0.8406788597618999,KPO
0,0.83529500674656,9.596935464114571,59.10613696123788,-1.1910051404751052,-0.9399687647819519,5.902232266999226,-8.957219251336898,-3.4807169437408447,260,0.8352566933451071,KTE
0,0.9468523980427472,5.441131410902352,36.32711694611982,-5.469772717788157,-5.219639301300049,3.330062055549453,-4.918656716417917,-2.8676254749298096,216,0.9468118649521127,KZL
0,0.903741871366731,4.988975422821202,64.5382378272542,1.825062238004628,1.5023515224456787,3.697629780619292,-2.1061869240895144,-2.443223237991333,122,0.9035446200888687,LAA
0,0.7926395666308979,13.644772229909593,96.04281989646137,8.225928022361247,2.6920580863952637,5.895706126117572,0.0,-0.8430944681167603,266,0.7867645605412151,LCD
0,0.8649495258280167,8.535109285196656,75.7556371075987,-8.138694863094102,-8.35180377960205,5.610601124010589,-14.583333333333332,-9.89484977722168,220,0.86491028486661,LCG
0,0.1235552492027665,21.43265091334324,72.05582518058749,7.353031488907525,-4.939931392669678,6.2474856563611,-7.698493652210342,-3.659172773361206,186,0.11082294652310187,LCR
0,0.907136296737991,1.5844528361125407,34.26975363614038,3.172137869240253,3.038961887359619,1.1037874073555098,3.4485137271965165,2.9976017475128174,517,0.9069031610003403,LEP
0,0.9437104877141296,2.0268004902281604,35.12710096104467,1.6817744329163091,1.613867998123169,1.4772918443738448,1.9293292291860746,0.8741134405136108,504,0.9436788480426659,LLC
0,0.8340614888817044,14.62258589935146,63.692673065474715,24.853182316633433,18.222129821777344,5.922133937026523,0.0,-0.5727735757827759,241,0.8321715081339147,LLO
0,0.8092017306417858,7.0600781459939554,55.02210591075847,-1.1860109604197668,-2.0087382793426514,4.67826196421748,-2.7777777777777803,-3.9285237789154053,105,0.8079919354584424,LMR
0,0.8105703271998731,4.545768161662725,59.72024072840273,5.01113373806459,4.7659220695495605,2.79575127550786,3.1786470133241194,2.2770683765411377,180,0.810297429956748,LMW
0,0.8268577956215513,8.754457371548419,45.220792507437885,8.842405910784802,3.996107339859009,2.7337750026157934,-2.985074626865672,-2.132797956466675,385,0.824713755695148,LNR
0,-2.45254769747343,20.861386840697264,131.80452462141037,-2.868138933281315,-12.479296684265137,7.078542164393834,0.0,-3.151715040206909,314,-2.4729201362160502,LNY
0,0.9298791569059842,6.407166049464126,52.25521938876418,0.6069669187334507,0.4644675552845001,3.906791184715722,-6.2502764099815415,-3.5380280017852783,440,0.9298649604125483,LOM
0,0.8987826520512471,6.677380636646832,44.05689902705608,12.064485227984536,8.70289421081543,4.563329549936146,15.384615384615381,10.638111114501953,63,0.8819865869048812,LPI
0,0.771931416254161,10.013468361362083,75.85322007009549,0.4022361707564887,-0.7633475661277771,6.104884516462107,-3.2809905425989117,-1.4672828912734985,386,0.7710071115886008,LSR
0,0.9261108249506612,3.00677881506287,41.38565957230061,6.2124638110476305,5.537779331207275,1.954724825001402,3.8909313725490255,2.8311169147491455,335,0.9243767505662924,MAQ
0,0.7642184222383367,13.263152309672913,41.31681021551378,8.08252043780866,2.1642274856567383,5.731143778020677,0.0,-0.18524804711341858,63,0.7475551837482276,MBC
0,0.9392453022156915,7.395991684858588,42.162820307194295,5.994802543213218,5.8819732666015625,4.380609076333386,-4.724702380952385,-1.731143593788147,370,0.9392391322593959,MBE
0,0.7337251449277944,14.104230631527004,66.44311229594437,2.1813699466076977,6.033255100250244,10.405013175729755,-7.087093216349986,-0.5922952890396118,92,0.7241645405137966,MBO
0,0.9605817663706466,7.7648416927541275,55.25755269987391,-0.2702198453391709,0.4521268308162689,4.3302732412932325,-9.339975093399751,-4.381548881530762,204,0.9605085661992835,MBT
0,0.9548497839934693,3.8055611869039914,39.64872755701892,2.0038561997471653,1.6403253078460693,2.5812300097894525,-1.8657377702084896,-1.12551748752594,408,0.9546379207615797,MCE
0,0.9139429209662783,5.485268213531238,46.2071118022489,-12.792929024543128,-12.592646598815918,3.154814883440483,-12.11111111111111,-9.333045959472656,118,0.9138923055252792,MCS
0,0.8777159140469694,7.397777107880532,64.64487093705804,-6.727131557547082,-6.215916633605957,4.586711406707761,-10.766955445815386,-4.643519401550293,198,0.8774678986403244,MDI
0,0.7776218443356577,8.667773913380723,71.35464880471532,-2.4068225717856686,-2.634340524673462,5.043409670878685,-5.719071510419978,-3.9588382244110107,364,0.7775674344688821,MEB
0,0.8862247229537524,8.28705047181523,63.577604626348695,3.229037096154428,1.909898281097412,5.405408170471711,-3.932949531239993,-1.452600121498108,378,0.8850905274343697,MEU
0,0.9092198829145414,0.964296572791864,35.1376196183955,2.309485857655187,1.9634243249893188,0.8234556263143387,2.4003254678600374,2.226745843887329,117,0.9007329621404274,MGE
0,0.8582271122333693,6.189357001174267,58.60881918520039,1.6004884095776726,0.5798560380935669,3.6622205688839777,-1.8867924528301905,-1.0200668573379517,383,0.8566922374232339,MGL
0,0.849732601459372,4.696200302914665,52.91682356162989,4.253198518398001,3.6367034912109375,2.939183743248015,1.3787766081344075,1.0503758192062378,86,0.8487873277815634,MGP
0,0.9240172486922192,7.825311330264073,53.580771444572825,4.981385084502702,4.01082706451416,4.776828059443716,-7.407407407407414,-4.4563822746276855,389,0.9237791187933236,MGT
0,0.8954226292461835,0.8267408031368784,32.70562227991038,2.155382630973112,2.068999767303467,0.6446657893192222,3.070175438596504,2.6593782901763916,85,0.8947143342760269,MHG
0,0.9348045651599439,2.2178640553752875,46.03310146799542,-0.9709441886900539,-0.9166145920753479,1.7414359861558717,-1.6246610176110503,-2.4435842037200928,56,0.9347810981118175,MHJ
0,0.9139455350731358,10.022051663012347,50.900431022049816,8.133199525054241,5.221478462219238,4.803678689179594,-9.090909090909086,-6.737699031829834,313,0.9120961211607133,MHM
0,0.9329891955000267,3.498395750571151,35.915894931657974,1.2901805423858912,1.2818750143051147,2.834781122646903,-0.9464791059883062,0.9356874227523804,72,0.9329889825975862,MIL
0,0.8929016747274269,6.941788833390573,49.0129501822694,-7.111116549151103,-6.0447306632995605,4.547611888718015,-8.893280632411074,-7.084799289703369,322,0.8917165948557542,MIZ
0,0.7988910939785823,10.097415680533924,44.67512044047239,5.795490226848722,1.1625564098358154,4.575974388965938,-3.869047619047616,-0.7766109704971313,128,0.7840543067925623,MKE
0,0.8752468207407398,8.125407116164803,88.02602936989511,2.846225001702539,2.087905168533325,5.5604535617597115,-3.279569892473121,-0.14988532662391663,152,0.8747254217539894,MKO
0,0.9027929923015809,5.973171895010977,53.19145162728223,-0.5145780722951625,-2.2497406005859375,3.3546796242728476,-5.387681945743299,-4.8729047775268555,228,0.9002778465762329,MLI
0,0.9081262903137407,5.338323166589398,52.00661093035311,0.25042681176642273,-0.07886788994073868,3.799181779301516,-4.799657662335384,-2.372117757797241,446,0.9079624859017593,MLM
0,0.8638781783856329,7.5367130464061995,76.23142669322269,-20.461668285619613,-17.845745086669922,5.592285054070613,-20.0,-10.541179656982422,88,0.8536793907564363,MMC
0,0.9308235007584373,5.331817613296623,55.25622529228349,1.486087223349931,1.627685785293579,3.8565179297071577,-3.5714285714285743,-2.3329970836639404,294,0.9307982101158775,MMI
0,0.9358412080323639,2.2854406550992765,32.98795773785243,5.063969798945794,4.907008647918701,1.5955881480687282,4.653486695674122,3.795931100845337,506,0.9357250533279087,MMS
0,0.6772199442224224,12.124523528340596,61.69719247271798,2.3633697674249987,-3.2549242973327637,4.2384796142578125,-13.333333333333336,-8.45340347290039,395,0.6743149422030196,MNC
0,0.8267719424205571,4.028255937786193,40.6418846690191,9.076419390787386,7.816033363342285,2.3960029867742865,7.168874241604716,5.986588954925537,328,0.8218050702135467,MNF
0,0.9553292185101656,2.3897284810009647,37.67048668792249,6.659280749708771,6.352433681488037,1.7219336785624257,4.9307794424426366,3.688464403152466,463,0.9549634613334455,MOC
0,0.9501614061246603,5.577500369123202,40.586040321422715,-1.2703753435065035,-1.1409735679626465,3.8479053881467618,-9.812531666948145,-7.6671319007873535,322,0.9501514294192108,MOL
0,0.4958888388687953,13.026681343115344,58.61335453020975,0.5371286957777444,-4.543263912200928,3.600625038146969,0.0,-4.240875720977783,211,0.4921239566340738,MOT
0,0.45675477171618173,11.489783217764359,79.80450365047396,4.300921323931819,-0.14888563752174377,4.971298847588536,-2.50100576639399,-1.0686742067337036,52,0.4389459137902113,MRR
0,0.8779738036678024,8.822908115749701,69.15486646024405,4.331114124556883,3.854442834854126,4.996119678020486,0.0,-0.2994929850101471,420,0.8778466157867091,MRV
0,0.8637897518586799,6.547476920186171,52.06477526649197,5.089608441428213,3.02087140083313,3.305097818374634,0.0,0.35970625281333923,233,0.8592470769695522,MSV
0,0.825743136167798,1.7559117908492818,45.07210075437933,1.967758208836651,1.155152440071106,1.1986135670605496,1.90609019060902,1.5403627157211304,115,0.8054859375468196,MVB
0,0.9228603588131494,4.1348054706189075,42.808482126135196,6.300370822801926,5.949932098388672,3.0000104585658853,3.0186255619781734,2.1150248050689697,359,0.9225591856999349,MVP
0,0.9715309036740699,1.2413013748490862,26.846599189617613,1.7476508459317759,1.674519419670105,0.7021499118786134,1.4348673321718786,1.1150192022323608,398,0.9715033726538422,MXUPA
0,0.9224994541029274,16.14673935886231,45.899771970275935,29.372253483925046,22.98707389831543,6.03978983561197,-16.66666666666666,-6.001962184906006,49,0.9214924045320917,MYQ
0,0.9214665021760224,1.2774355852311452,32.385897740518196,2.631165153936252,2.5391886234283447,0.6703733228043652,1.476738501079022,0.43499600887298584,92,0.9212773818037961,NAC
0,0.9266652764628888,3.5332357163487362,40.14891870208324,4.394754390159697,3.786184310913086,2.438815189673841,1.3245033112582794,0.6915467977523804,493,0.9256198020429259,NAN
0,0.5894864198886076,4.598499532482572,92.15772581801762,4.2597179126058995,2.608318328857422,2.4575970083498326,1.596259271202841,1.1148914098739624,104,0.5661149147216673,NCC
0,0.45592124586250027,20.355220616922963,89.51855790995377,-0.24854375940565696,-6.579675674438477,8.12451115637672,-3.4118936694984914,-2.2674720287323,158,0.44230320402817813,NIU
0,0.9047121716420115,6.076101159667834,51.17507062649407,-5.518096159268328,-5.26499080657959,3.500030517578125,-4.23728813559322,-2.122518301010132,205,0.9046553396778797,NMG
0,0.9265903452821256,12.570250774341718,71.75381040879444,14.767920193727957,10.755823135375977,7.079717946234017,-5.608271797233604,-4.524407386779785,190,0.9240563069914813,NOR
0,0.8907027222639662,10.857350816335392,49.68131363840319,7.719405758777049,5.149982452392578,5.726960645915762,-9.307359307359302,-4.830723762512207,330,0.8892167281841606,NTM
0,0.9452240052498972,2.244021608436169,34.55445125515443,2.1624718176401077,1.8393807411193848,1.5928849176707018,2.576707514011601,2.5727322101593018,495,0.9446681893488715,NUF
0,0.6770721867607128,10.193354337123038,84.24204726641193,-4.79202488599514,-5.66691780090332,6.3785731670841415,-10.635943813738702,-4.335781574249268,83,0.6763501971743562,NVO
0,0.9290628348096864,2.0018384276626775,36.68968449289686,0.8700303055156976,0.8173642754554749,1.4080867081781383,1.8052940257181351,1.7298249006271362,464,0.9290427121909606,NWSLV
0,0.7817135439128016,7.791157866567798,86.49513815125803,1.45036418341503,0.6832316517829895,3.5892616459171336,0.0,-0.29774871468544006,372,0.7808949066162704,NWT
0,0.8261357966767786,11.101188976540525,61.393687891446255,-2.2271338235749734,-3.341324806213379,5.759609325118998,-8.695996275126706,-4.073563098907471,345,0.8255313777172963,NWZ
0,0.9364118611428641,2.332512322727346,41.70602966506987,4.4363513731140385,4.3785271644592285,1.7137527545615896,4.1139240506329084,3.276146173477173,351,0.9363904699744102,NXT
0,0.9719582917142959,2.0079063380061415,21.125182538573327,5.385846724652385,5.130245685577393,1.3999633789062393,7.416823800831432,6.019455432891846,55,0.9717087072581306,NZM
0,0.8707888017397516,4.856411196192533,49.354891876916916,5.4376920161764035,5.381646633148193,3.5421102296212297,2.454618393340678,1.9776127338409424,258,0.8707799933871605,OCL
0,0.09894312689019558,18.29153589315411,66.03171947210281,3.5790402992749293,-4.300412178039551,5.619839148378711,-7.388425000941887,-3.697845220565796,218,0.09195790774327628,ODY
0,0.9652618204773243,3.1650847459426634,32.50113869619212,2.3230375192972086,2.2250702381134033,1.8330027179519597,-0.8324028017460141,-0.4326731264591217,353,0.9652503103632516,OKN
0,0.9050037178290663,13.967204290025208,78.75433301372166,9.116351249025838,2.3701515197753906,6.780304738453458,-7.229965156794423,-4.900452136993408,96,0.8983441225380414,ONL
0,0.7943383139839039,2.334477162949393,54.14756462530247,3.334971576801873,2.7031805515289307,1.5836903109384282,2.1434217175549732,1.4957908391952515,352,0.7869740359982991,ONT
0,0.9065891244389384,7.282767068289247,51.404440616904125,0.5217183872633953,-0.16775594651699066,5.017618815104164,-10.526315789473676,-8.186811447143555,185,0.9061784864530789,OOK
0,0.9771152342229898,0.6056744911852445,18.65159077298096,0.39443446234516605,0.4663081467151642,0.37540323019244404,1.1842071719008938,1.069494605064392,170,0.9769950885267826,ORIPB
0,0.9259846437892958,6.921005601703738,57.40721798029307,7.17323708674948,6.939781665802002,4.824378366823543,-3.571428571428574,-1.4019638299942017,319,0.9259494687238485,OSL
0,0.4725958037833512,6.902659514189818,69.07181249902418,5.0725029916479745,2.830270767211914,2.5599525535807914,2.409988385598144,0.8556278944015503,300,0.45722691391958725,OZG
0,0.9530051579627636,2.900239075313708,39.00349558980361,-0.08533798916420163,-0.029854023829102516,2.3115462784196126,-0.6311369638852227,-0.4987894594669342,487,0.9529956413161562,OZL
0,0.7508443516896062,12.714316351937464,72.82372824220131,10.344813096394686,4.943681240081787,5.444119787560933,0.0,-0.7217656373977661,344,0.7485008753429616,PAA
0,0.9490347730446508,4.752462425968351,40.54252545189415,1.7386997310970134,1.997865915298462,3.1760703965353674,-4.347826086956525,-2.843111753463745,533,0.9489633755645388,PAN
0,0.8991304307829309,6.317863412795652,59.25285353169267,2.4682042319816597,1.459913730621338,3.9373406775026307,-1.8518518518518532,-0.4975029528141022,463,0.8979959429777712,PBT
0,0.895380476046218,10.864287150000292,71.5374514520824,11.867336097563904,9.192926406860352,6.799696390693254,-1.796042617960428,-1.8903332948684692,298,0.8929657885259661,PBX
0,0.6827052866303442,11.63703617296282,101.52309437189062,-1.6151470137727422,-0.2560458183288574,5.889144420623779,-5.000000000000004,-4.128035545349121,114,0.6813567953160301,PDF
0,0.68349184921433,15.676963640088175,89.25943376378346,0.1428363514572216,-6.657958984375,7.479226280661194,0.0,-1.137353539466858,61,0.6639494991022536,PEG
0,0.9419969131941878,11.308851102218384,117.31026843254702,2.622961102052476,2.0900344848632812,4.914505558211772,-10.345339769773485,-7.803989887237549,309,0.9419725065432037,PGY
0,0.649190063716399,6.214149350170666,50.80087105635312,3.540515453993367,1.4493190050125122,3.27216710476371,0.0,0.11140093207359314,345,0.6445585781029612,PHG
0,0.7233065267744097,0.9828478498272996,40.73264442023698,2.1033657058457145,1.7007516622543335,0.5456848374522625,1.3265306122448992,0.9365767240524292,82,0.7033685095212359,PIC
0,0.7683009572726432,10.445437008669664,67.14587100918729,0.004639961747642934,-2.043339490890503,5.648754331583273,-9.090909090909085,-5.7756218910217285,185,0.7654912079623833,PIL
0,0.8849509607448223,7.764757100961375,49.212846007643,3.165379144507019,3.741022825241089,5.233659460171907,-9.009740259740262,-3.388840436935425,96,0.8846316235095203,PIQ
0,0.8134505370508582,4.433977770333482,47.3489738235113,-4.359633518919203,-2.5735137462615967,2.8061678067562266,-4.670329670329683,-3.286670446395874,77,0.8028595507368619,PLB
0,0.9483414018985156,1.2094783463035514,36.501210039883176,4.877326284711733,4.344401836395264,0.6114595039344555,3.2214293696023493,2.7306439876556396,68,0.9427480248742921,PLG
0,0.935048059869485,5.991480487284406,42.701299863165445,4.703447488842979,3.5609161853790283,4.039076006112235,-4.893441912530962,-5.336608409881592,272,0.9341422424155892,PLV
0,0.7029233984669849,7.03327411937976,48.77676728766669,-7.4769895687980545,-7.355286598205566,3.6820599208643436,-9.373040752351098,-6.2619171142578125,56,0.7028902770324441,PLY
0,0.9044518779839931,3.9996788402542784,43.49219250952267,6.925071100780701,5.901991367340088,2.6881930866302612,5.017921146953388,2.655635118484497,399,0.901334643005062,PME
0,0.9282344808635072,3.2829594282292436,40.5144411674863,1.5736024891241949,1.143951416015625,2.111867355425261,0.0,0.16534361243247986,519,0.9278357160874784,PMP
0,0.9167441093046437,4.152589415452081,39.42574242733348,4.72935413108274,4.264343738555908,2.3583946228027237,0.5222073260390165,0.34939607977867126,361,0.9163680932852835,PNI
0,0.5113646140743846,12.393401582304106,101.30299698284466,-2.3067572361741124,-3.794130563735962,5.646938323974599,-11.111111111111104,-3.9874722957611084,253,0.5103780257638001,PNO
0,0.9536903219307042,8.508746703215603,51.19213970971723,0.7097877478264225,1.2372260093688965,5.935238704076443,-10.005984440454807,-5.238868236541748,377,0.9536143326037322,POW
0,0.8474673617636314,7.811728589410507,71.74001196360803,-2.2989363113503765,-2.3477981090545654,5.402071307810219,-7.844369312850494,-3.6474006175994873,270,0.8474645098075764,POZ
0,0.7537002620075649,4.19728947675662,55.456161372508625,3.8067115505734757,3.3520634174346924,2.298018736785708,2.5974747474747466,2.500760316848755,289,0.7528155810768609,PPG
0,0.958900306745164,3.4461592301405113,36.213957057964855,11.635648397577386,11.910901069641113,2.6351118794193837,11.746987951807231,11.79562759399414,45,0.958747658774057,PPH
0,0.9184312062730291,3.0490511049395934,45.164549676929475,2.2724376208047876,1.8860809803009033,2.034735910335808,1.6134595485379188,0.390033096075058,439,0.9178423233119594,PRT
0,0.9407733032187362,5.0421521472177036,39.3015705645762,2.228832674315309,1.923112154006958,3.5426907452227256,-1.6261237440507679,-0.2858482897281647,490,0.9406701880220806,PRU
0,0.9148940215737444,4.642163987827927,41.17492885697255,-0.6636613905837222,-0.5353017449378967,3.07701702838671,-5.5555555555555465,-3.330980062484741,482,0.914863312246081,PSA
0,0.7579711172785044,10.908994469714285,63.406718006592264,0.0520153531152618,0.8358458876609802,6.806137109395145,-4.44664031620553,-0.513260006904602,176,0.7573910681054328,PSM
0,0.9414996345549932,2.8939327153392846,48.08940629495474,1.2637809361654433,1.3257992267608643,1.9878829339021493,0.0,0.28230127692222595,390,0.941486797314302,PTL
0,0.671350314517325,11.368476641117418,61.3651415468149,1.702805955337102,-1.2725716829299927,5.94390855833543,-5.000000000000004,-3.3083808422088623,189,0.6644352456760896,PUN
0,0.9109096559348708,5.867746051112753,47.23361500946189,2.0929534143073556,1.9073907136917114,3.919485593771016,-0.3042247826965773,0.09606155753135681,246,0.9108709779408245,PVA
0,0.8834495051096708,4.863786407038954,51.198300286423546,-0.5772612526302158,-0.507835865020752,3.590198527420955,-2.1261610247832023,-1.0039926767349243,227,0.8834377903423241,PXG
0,0.9092614479313593,4.348880688183551,38.78236528083624,-0.6015244321143682,-0.7546943426132202,2.2447788332872953,-1.818181818181812,-0.8608890771865845,307,0.9092231012304017,PXUPA
0,0.9159833379681406,7.923787778005252,87.05079082418986,-14.144369177455964,-12.51742172241211,5.093863994169207,-23.658407543475356,-18.00078773498535,114,0.9140650109030517,QMG
0,0.9108840369554583,0.9768262551165644,33.76030805653534,2.3301114656337996,1.9084712266921997,0.7440985090592371,2.4015369836695486,1.9049104452133179,191,0.9001228097608184,QOZ
0,0.5471451770654197,9.28805650283519,124.38916149282456,-4.555895325629774,-5.120221138000488,5.258923477596715,-4.7619047619047645,-3.9665963649749756,65,0.5465746915473784,QSS
0,0.7816271460029165,1.9211216548877392,55.157818725181315,2.16655408055073,2.1943423748016357,1.2681790311890064,0.9978945521340561,1.4634064435958862,82,0.7816068313494081,QVE
0,0.8704335256708566,5.448269859751763,65.751353012965,-5.390027823580886,-5.0066423416137695,3.42466319691051,-5.714285714285704,-4.871150493621826,63,0.8701123047980626,RCE
0,0.8318592773185,8.58816188123991,78.91789068210689,-4.829729807827979,-3.96744966506958,6.428051630655915,-9.999999999999998,-4.9885077476501465,296,0.8310830048594988,RCF
0,0.7785440784592794,5.341653330853592,63.106766327614295,0.02494327459940564,-0.5783732533454895,3.346611531949704,0.0,-0.1773468554019928,260,0.7773332735344793,RCO
0,0.8675318753698416,2.679128659434911,49.48300345359796,3.335348680633207,2.706434965133667,1.826930418552128,2.8901531728665057,2.257852792739868,333,0.864524261785041,RCT
0,0.9546710277367447,2.1254549374365457,31.72620384918699,6.058731635191889,5.783633708953857,1.5896451985300537,5.162063297363731,4.756906032562256,545,0.9542611668102406,REA
0,0.9482111539559686,1.8551607066552078,35.52490002532544,1.2017796857510679,0.916780948638916,1.4654594124230966,-0.36723692749166187,-0.8974567651748657,146,0.9475476836771062,REG
0,0.9455312098733472,9.691170174335888,61.52524009908035,8.189794062148975,6.40109920501709,5.759806956115524,-10.172413793103452,-10.366355895996094,106,0.9449579482285473,RFN
0,0.9202662745579476,6.734269540525604,42.84726826796519,0.7727752244129168,0.00710675586014986,4.352512438967688,-6.640367608808742,-3.0082924365997314,302,0.9197953852472405,RFX
0,0.9088753379916495,4.4273761868406245,48.76051902840936,-8.217167060860188,-6.387322902679443,2.7603273722860573,-5.94117647058824,-3.111072301864624,106,0.9016512593620648,RIG
0,0.780142959664968,14.933611400005526,88.03660774147339,8.03919853019364,6.748420715332031,10.488035519917815,-5.166666666666671,-0.7323871850967407,142,0.7795531266978383,RLC
0,0.662692192948764,11.78415966126968,119.4921650063354,0.4263608558107729,-2.3856821060180664,5.829056813166693,-4.904306220095698,-2.335198163986206,270,0.6560494185438701,RMG
0,0.8129730704033319,8.487963202923531,69.70301774737985,-7.516780242562145,-6.995955944061279,5.91602167216214,-9.523809523809529,-3.665271520614624,177,0.8126598144489658,RNL
0,0.8606348609635397,11.014921164402509,75.88657780836746,0.9492969365538045,0.8819899559020996,6.7662154564784665,-10.344827586206893,-5.137170314788818,235,0.8606326775883281,RNT
0,0.6875233614073597,21.152364640574596,104.6539685827906,18.288963690663454,9.399136543273926,6.897903010958716,-6.06617647058824,-1.9693682193756104,148,0.6834618703572772,RRP
0,0.9294344721133364,9.390035531671781,63.903615355272635,11.072384129126075,9.767621040344238,5.588327494534582,0.0,0.5219310522079468,293,0.9290074423202913,RVR
0,0.9269581651583831,2.8423895215948805,43.182805154870316,2.3914505639264174,2.1428310871124268,1.9807859478988417,-0.7773458808353291,-0.582375168800354,246,0.9266506726115278,RXP
0,0.9341929267974008,3.2677882965464042,35.07351573775447,2.918882554561053,3.0745131969451904,2.6095171191874584,3.659824423292541,2.6664836406707764,134,0.934109362582706,S32
0,0.9373566471358322,1.8474508617991232,38.40732458119836,1.8888196830769515,1.657403826713562,1.3118031505240895,1.1387949049656712,0.9811767339706421,475,0.9368934217001124,SAI
0,0.8898084495009009,10.241265731196574,113.31095097712951,0.40495653187482356,2.7080295085906982,5.96803937639508,-13.749999999999995,-8.295937538146973,219,0.8872854751725008,SAY
0,0.6226542450570003,12.030453039644243,51.085148912749446,2.5319265771314243,-3.350480079650879,4.916885859529749,0.0,-0.8607088327407837,77,0.5910951709076488,SBI
0,0.879530415793486,8.725109685757683,83.12963653709777,-0.10258328508980799,-0.22866129875183105,5.876638174057,-5.000000000000004,-4.144895553588867,194,0.8795200932532408,SCI
0,0.9045028053591991,6.320750521292071,46.80208602593508,-1.543853905529813,-1.265675663948059,3.8792275798563995,-4.5454545454545485,-2.070416212081909,467,0.9044246932592023,SDL
0,0.7682358623369622,6.00259199831621,57.11748615298927,-4.589654144455442,-3.1982738971710205,3.879810021247403,-2.898550724637684,-1.9692274332046509,63,0.7617869916278619,SFL
0,0.9544134110157646,1.0318242492253415,32.23110014184151,0.7611640379494126,0.6293066143989563,0.8243592636584083,1.3418464630161313,0.9595969915390015,521,0.9539825083122493,SFY
0,0.9190264159121211,2.2403217487018936,39.82895967383197,5.102183259069413,4.65818452835083,1.713077187538147,4.249999999999998,3.5866873264312744,185,0.9173023540120006,SGF
0,0.7169425340069668,4.183203466688448,41.55836218344056,2.261118141401946,0.9898349046707153,1.8321296530825706,2.1073820609001457,1.2865675687789917,488,0.7162966160457184,SGH
0,0.7831076774988411,20.818525131357177,81.50793618982988,11.328150088551174,7.219106674194336,11.60438093125697,-6.666570332425373,-2.0959155559539795,121,0.7805478771059998,SIX
0,0.9318255970274797,1.8560137712749898,42.026699165322704,1.1506626161256657,1.1906880140304565,1.393687545075121,0.9194213391946494,0.9048856496810913,523,0.9318073561096326,SKC
0,0.9133010309841214,2.5291017929749344,46.671821204656425,3.50871737089551,3.0422184467315674,1.810171348136548,1.2820512820512928,0.8393367528915405,121,0.911744372415335,SLC
0,0.9244690914048531,4.264145129600619,40.8624304689635,-0.9814261255587776,-1.0470356941223145,3.0195060704132533,-3.75661375661376,-2.4236137866973877,546,0.9244609118012052,SLX
0,0.6831465388185392,5.747716503598083,48.442808300158795,-1.1852672980617012,-1.5636121034622192,3.1029283711082023,-3.6277875563589888,-1.6297813653945923,270,0.682972260252781,SMM
0,0.8552312207724088,3.9364184932983552,46.43459572881992,8.617860048376686,7.170501232147217,2.413093774215035,6.250000000000004,3.6313250064849854,213,0.8470099856163027,SNL
0,0.6474497816675604,11.609750827216136,93.45148367059547,-8.165424593547806,-8.28880500793457,4.647788265529708,-7.4999999999999964,-4.393107891082764,51,0.6474373757116,SNR
0,0.8247242413128346,1.3430953112961574,49.8308527143219,2.272964781448659,2.261087417602539,1.103791859223141,2.6123944228628337,2.4050776958465576,48,0.824715393940181,SPY
0,0.9428775981860236,3.9237853402403795,43.7583894585449,-6.297195611159175,-5.6701788902282715,2.631999061221161,-5.219780219780218,-3.3397977352142334,115,0.9423016134681659,SRF
0,0.8951164826848863,6.328351724439648,53.68896570681145,0.712759684910977,-0.17929895222187042,3.927691848189749,-5.714285714285718,-2.9079129695892334,481,0.8944068910247853,SRI
0,0.8696249942914667,7.234875267324925,46.418891216526625,6.025140976109142,5.9020256996154785,4.893400493421051,0.0,0.20897707343101501,205,0.8696087564434438,SRM
0,0.5142576806114149,17.274317726670205,70.81030874654444,7.969031795392768,-0.7912597060203552,6.041912111510005,-9.090793650793644,-4.135376930236816,272,0.5079265968243101,SRO
0,0.9386801899324001,1.9684339618259692,39.842980012545354,3.202265878683299,2.9770703315734863,1.3234291034851133,1.9464469138746812,1.7148560285568237,480,0.9382688154885047,SRV
0,0.891167659517061,7.430679800919237,59.98485804743625,0.25428856281477963,-0.09170351177453995,4.162794649431145,-6.291172595520427,-4.537326335906982,438,0.8910709809968884,SSN
0,0.03044840447771635,13.119646205727094,251.32998282884444,-5.110545991259597,-0.78014075756073,6.163514614105225,-3.5713783997995208,-1.3579813241958618,259,0.01326858169224343,ST1
0,0.9572972741823048,1.0059893415474386,31.953148453509307,0.5148118766802456,0.5032621026039124,0.7175380502363673,1.1128494274173968,1.0026477575302124,488,0.9572941794205989,STW
0,0.9378185873635032,4.184709374455306,47.10329401772608,0.38744792657923127,0.42371201515197754,3.0296610956606678,-3.614457831325304,-1.9237600564956665,491,0.9378164639989452,STX
0,0.9402836306483878,2.305483141644924,34.48726619589897,3.977773505587486,3.6790716648101807,1.5985495455973933,2.9132449955675277,1.7048639059066772,504,0.9397985783055347,SUL
0,0.9079480315732991,6.34257740080206,41.86209660229377,-3.1525322272028182,-2.947845935821533,4.241263382575088,-11.764705882352938,-7.58831787109375,300,0.9079023357101813,SVL
0,0.9575594794048443,6.89877843436257,60.1252474876741,8.889177580116147,8.113115310668945,5.016435576648245,-8.33333333333333,-4.6294379234313965,99,0.9572864496511531,SVY
0,0.7460662121180902,7.225612166690723,81.30910914198152,0.4156508143657083,2.111851215362549,4.634919047932883,-2.337662337662332,-0.8961478471755981,120,0.739051808375834,SW1
0,0.6058683830036256,12.668335248328845,98.49378349901461,-5.767829249572423,-4.531717300415039,8.362855434417725,-6.666666666666653,-2.4399049282073975,141,0.6042032246772449,SXX
0,0.7608641850188675,10.103634525292108,63.817248340585806,-6.2676935977377894,-4.369155406951904,5.908480202278135,-16.655413009228,-6.325348377227783,228,0.7584528679731971,SYS
0,0.9113166917638673,8.238792676726106,48.04072752819386,8.558485879059571,7.485182285308838,4.722843302267663,-6.2687312687312575,-3.190297842025757,463,0.9108337906478718,TAS
0,0.9694666370190317,6.862353418957565,43.561882502670166,8.873565833652737,9.043801307678223,3.82653763370274,-6.666666666666662,-3.235577344894409,307,0.969460693526576,TER
0,0.5858192585478614,5.125888055386304,81.8712774485239,-2.8650419410169667,-1.5884907245635986,3.187572465843632,-0.8580788391076998,-1.4344826936721802,64,0.5721990730114241,TFS
0,0.936791339226973,2.257631526160798,37.78831857662366,2.0681002779889237,1.8930569887161255,1.6579353092695754,1.4318010550113134,0.7797864675521851,501,0.9365866375770631,TGR
0,0.8093832385053589,13.740171284809529,59.25512423680361,8.566775028873264,3.6493191719055176,5.168397943178819,-13.333333333333336,-6.864712238311768,231,0.8057984498253706,THD
0,0.9155607509794256,6.6034970241892905,60.658355847707256,-0.6021164690094281,0.6674913167953491,4.150528889782024,-6.666666666666653,-3.864952802658081,183,0.9139845820694628,TIG
0,0.7472370676088922,10.253638360795193,59.91651168553275,0.9273315537764781,2.8541626930236816,3.9520895492571997,-5.131578947368426,-2.150923490524292,64,0.7436085091422937,TMZ
0,0.750383812841714,9.21226906642521,85.66915970315144,-0.4579461441121545,-1.2492009401321411,5.284856007047226,-5.4124571812564515,-3.7000977993011475,162,0.7498001901713791,TND
0,0.9047676855393277,7.064334037545754,41.74299455728398,5.151465061174368,2.794783353805542,3.980378224299507,-3.846153846153837,-2.056688070297241,467,0.9015772864241334,TNG
0,0.7643918524453613,11.543104483423333,137.26726180579402,-0.8790000933169515,-0.665984034538269,6.169535319010407,0.0,-1.3055120706558228,367,0.764363824447588,TNR
0,0.8326880756923217,7.0223915706720605,87.13015753692775,0.9530019918306986,2.2822022438049316,4.557780125482844,-3.3333333333333366,-0.9558702707290649,150,0.8298117148428942,TOU
0,0.9126898132747052,11.643780998125584,68.50909848705035,6.260773789197215,5.714723110198975,7.121481456365248,0.0,-0.2759634554386139,304,0.9126165340849466,TPS
0,0.9649918357553099,3.824966838408193,37.16504704373286,0.9722287069190862,0.774671733379364,2.6231122892663663,-3.3871716122760063,-3.5454518795013428,487,0.9649495251132688,TRY
0,0.8999508580580838,1.7292302593057578,35.722213919115916,3.724901676642131,3.3699429035186768,1.2421107091075978,3.7950664136622425,3.3128674030303955,503,0.8980398144075417,TTS
0,0.8479433272863274,8.681140306431436,59.98529209844668,-2.989017241857498,-3.6912639141082764,4.7473890404952215,-10.1010101010101,-5.051368236541748,103,0.847571433140716,TUP
0,0.9215118232049885,5.282291863271344,46.608244342769886,-0.04946098026959173,0.13661475479602814,3.5709887945552445,-2.5641025641025665,-0.9103199243545532,483,0.9214648337070956,TZN
0,0.8576560254822506,4.952250647069689,54.574106570721725,-0.8308070673597772,-0.2858954668045044,3.0287306706110684,-4.214559386973176,-2.1133134365081787,387,0.8570536719251225,UBI
0,0.8989698945098468,5.963823219760044,43.123148945836036,-9.26641885767808,-9.361019134521484,4.196503476527797,-14.42355269668481,-11.885122299194336,116,0.8989588567628181,UBN
0,0.8287313159286215,6.845032788127416,64.71669991775093,1.3748517258095154,1.2082674503326416,4.536071151494984,-3.84615384615385,-0.9646021127700806,181,0.8286791571640943,UCM
0,0.9531929922027663,2.8862224227019975,36.43110896703474,-0.9586960218112165,-0.3927443325519562,1.7536247917291137,-1.1873724022526946,-0.4703775942325592,504,0.9523942244996098,UGL
0,0.8748885228234027,1.2851491297852253,41.02739942782038,1.8268691791933322,1.5635333061218262,0.9176533882318256,1.9049283467319071,1.021166205406189,213,0.8721327715179356,URF
0,0.924153856898222,6.3803085370680845,58.89251056789044,-0.06526255902694468,0.0507645383477211,4.212903022766113,-7.142857142857148,-4.478247165679932,347,0.9241438103991612,USA
0,0.8102179732690015,1.1525602880145753,27.93562680140213,3.949000027104229,3.3859264850616455,0.6911716862582713,4.340117880687071,3.721766710281372,56,0.7891046659788493,VAE
0,0.8290071340977133,7.544753373059531,70.17500953784626,-0.2067242277772606,-0.7954952120780945,5.604537619283352,-2.444742129939724,-1.5634886026382446,248,0.8284615965043978,VAR
0,0.793847435990922,8.994362315809692,65.44355799127116,3.5881364450714575,3.0312066078186035,6.391561435616545,0.0,0.15561804175376892,193,0.7934474987258175,VKA
0,0.8969972638773959,5.921375706573593,39.62847593597795,-6.893369208041802,-6.545088768005371,4.310837328287139,-12.918164945720385,-9.808935165405273,228,0.8968450721754156,VPC
0,0.9490952120549953,2.2704351312253,41.795423438694705,1.9540852973363307,1.8612654209136963,1.5557251512826817,-0.7371007371007432,-0.6956230401992798,245,0.9490576831790969,VTA
0,0.6203807401180629,4.020998424848846,75.68648894952375,2.2077591755698975,1.7203528881072998,1.920414849113448,1.3452914798206193,0.8098443746566772,225,0.6180487228331684,WAA
0,0.8841680193572319,7.2345107501758505,62.48623702415198,7.021579668413187,5.809681415557861,4.789473666271688,0.0,0.45544275641441345,300,0.8830698646984754,WAF
0,0.6326660120518413,7.119769480113521,81.48297489032211,-8.344369596954142,-7.333779335021973,4.8724245979771235,-9.669211195928762,-4.527027606964111,111,0.6286700886511541,WAK
0,0.8448390645009947,11.982066553867162,106.76794372491469,4.264546599381847,5.1093268394470215,7.562264919281006,-3.571428571428574,-2.524404287338257,129,0.8444890062727052,WAL
0,0.899507423567357,7.429758119799981,55.157632210640784,-4.123888863018118,-4.2084245681762695,4.815141840679168,-12.499734454995432,-8.1463623046875,223,0.8995015194638819,WCC
0,0.933794916118875,6.435474473422832,63.907904255944025,4.639336095424051,4.482395172119141,4.748971939086914,-1.4285714285714295,-0.564557671546936,319,0.9337762401225591,WCP
0,0.674531521481013,2.5084178060649447,37.775019707084795,-0.86897838257108,-0.5230591297149658,0.9791890224537876,0.6237562189054813,0.8517202138900757,58,0.6727595364086612,WDE
0,0.9467645335168222,6.074438047909092,46.174977905797995,5.5599662929041,4.590590953826904,3.1079314858248104,-3.3992180040420648,-1.9688408374786377,364,0.946500475785496,WDR
0,0.9609507966330803,4.427157626610266,36.8032572229617,2.733216895913185,2.3927838802337646,3.210534984482517,2.5320512820512766,1.0315312147140503,406,0.9608362461654599,WDS
0,0.7711029371618279,2.4716014408332585,46.85689604284084,1.8850675839818478,1.7427643537521362,1.2938505709171157,2.3305084745762783,1.950283408164978,353,0.7707931537111453,WHF
0,0.8390812130912713,6.286222234449875,62.93021218398977,-1.1866971040095313,-1.0171250104904175,4.004956597977493,-4.138127853881276,-2.279418706893921,346,0.8390278807207137,WLF
0,0.9397750513552218,1.3173755727897387,32.13461633773747,2.189326990431673,1.9516316652297974,0.9951592764352982,2.1176003680780964,1.3797892332077026,556,0.9387583645188767,WOW
0,0.927864022442184,5.805684595335422,46.41749709649468,4.98961655121335,3.725682258605957,3.434374131458207,0.0,-0.16487565636634827,450,0.9265880029274922,WPG
0,0.8105452419588247,11.968886009397684,70.78535176677914,-10.63688707182031,-8.823833465576172,5.8682732582092285,-16.99346405228758,-10.666766166687012,123,0.8089693715767126,WRG
0,0.8247914815834186,4.429947974525816,42.82090204341607,-8.428835847500617,-8.742562294006348,3.0361557515117648,-12.06060606060607,-11.589982986450195,90,0.8244448111222089,XPD
0,0.6370287962229889,11.058021371609447,41.61689902017846,9.402832040413703,4.132959365844727,5.615772317956999,0.0,0.4472602307796478,137,0.6268279652089794,XTD
0,0.8741077771835213,3.9823511464891466,54.77113245158661,-1.9171506994805008,-1.8920670747756958,2.5465507507324148,-3.2258064516129057,-2.1067168712615967,271,0.8741056628490087,YBR
0,0.5973080277955,7.900910562930205,70.31759390208694,1.3642146846298595,0.3362331986427307,4.828900403336381,0.714285714285715,0.4416245222091675,52,0.5951192346555138,ZER
0,0.7279404183757572,9.058292750337166,70.2035454068539,-7.09277605431919,-5.720174312591553,5.009322986458281,-10.025062656641602,-4.618865966796875,54,0.7251357914372211,ZEU
0,0.9375893969557321,9.857322263679885,67.76147000068407,11.191854651130372,10.83742904663086,5.550272662519301,0.4201680672269005,0.935660719871521,125,0.9375528201815848,ZNT
0,0.9564186307525234,6.0070580365427455,46.78068190651435,-1.8174889364258846,-1.0478545427322388,4.311705130117904,-13.043478260869565,-10.231437683105469,217,0.956045948073501,ZYL
0,0.6853067863533082,7.085603017283035,73.29039616716885,-0.7764444348449723,-1.1391148567199707,3.7866923809051514,-0.2629775178212355,-0.6150814294815063,823,0.6850784967868706,generic
